# ----------------------------------------,,,,,,,,,,,,,,,
# www.goolybib.com,,,,,,,,,,,,,,,
# All Traffic,,,,,,,,,,,,,,,
# 20200426-20201022,,,,,,,,,,,,,,,
# ----------------------------------------,,,,,,,,,,,,,,,
,,,,,,,,,,,,,,,https://www.vexpower.com
Date,Source/Medium,Revenue,,,,,,,,,,,,,
4/26/2020,affiliate / cpa,14207.75,,,,,,,,,,,,,
4/27/2020,affiliate / cpa,12761.39,,,,,,,,,,,,,
4/28/2020,affiliate / cpa,12474.8,,,,,,,,,,,,,
4/29/2020,affiliate / cpa,12963.09,,,,,,,,,,,,,
4/30/2020,affiliate / cpa,10441.81,,,,,,,,,,,,,
5/1/2020,affiliate / cpa,11627.97,,,,,,,,,,,,,
5/2/2020,affiliate / cpa,9726.69,,,,,,,,,,,,,
5/3/2020,affiliate / cpa,10964.9,,,,,,,,,,,,,
5/4/2020,affiliate / cpa,14150.27,,,,,,,,,,,,,
5/5/2020,affiliate / cpa,10658.81,,,,,,,,,,,,,
5/6/2020,affiliate / cpa,8966.87,,,,,,,,,,,,,
5/7/2020,affiliate / cpa,11352.95,,,,,,,,,,,,,
5/8/2020,affiliate / cpa,13633.72,,,,,,,,,,,,,
5/9/2020,affiliate / cpa,10093.87,,,,,,,,,,,,,
5/10/2020,affiliate / cpa,7791.99,,,,,,,,,,,,,
5/11/2020,affiliate / cpa,10001.91,,,,,,,,,,,,,
5/12/2020,affiliate / cpa,10081.87,,,,,,,,,,,,,
5/13/2020,affiliate / cpa,11528.38,,,,,,,,,,,,,
5/14/2020,affiliate / cpa,13345.19,,,,,,,,,,,,,
5/15/2020,affiliate / cpa,11915.15,,,,,,,,,,,,,
5/16/2020,affiliate / cpa,15868.77,,,,,,,,,,,,,
5/17/2020,affiliate / cpa,8840.99,,,,,,,,,,,,,
5/18/2020,affiliate / cpa,21452.03,,,,,,,,,,,,,
5/19/2020,affiliate / cpa,11262.07,,,,,,,,,,,,,
5/20/2020,affiliate / cpa,15138.15,,,,,,,,,,,,,
5/21/2020,affiliate / cpa,11679.12,,,,,,,,,,,,,
5/22/2020,affiliate / cpa,20571.84,,,,,,,,,,,,,
5/23/2020,affiliate / cpa,7074.92,,,,,,,,,,,,,
5/24/2020,affiliate / cpa,1497.53,,,,,,,,,,,,,
5/25/2020,affiliate / cpa,7309.37,,,,,,,,,,,,,
5/26/2020,affiliate / cpa,11486.89,,,,,,,,,,,,,
5/27/2020,affiliate / cpa,15438.48,,,,,,,,,,,,,
5/28/2020,affiliate / cpa,13813.2,,,,,,,,,,,,,
5/29/2020,affiliate / cpa,13600.77,,,,,,,,,,,,,
5/30/2020,affiliate / cpa,11407.18,,,,,,,,,,,,,
5/31/2020,affiliate / cpa,16824.54,,,,,,,,,,,,,
6/1/2020,affiliate / cpa,12725.15,,,,,,,,,,,,,
6/2/2020,affiliate / cpa,11097.07,,,,,,,,,,,,,
6/3/2020,affiliate / cpa,10384.42,,,,,,,,,,,,,
6/4/2020,affiliate / cpa,13149.53,,,,,,,,,,,,,
6/5/2020,affiliate / cpa,12832.68,,,,,,,,,,,,,
6/6/2020,affiliate / cpa,6113.31,,,,,,,,,,,,,
6/7/2020,affiliate / cpa,12637.66,,,,,,,,,,,,,
6/8/2020,affiliate / cpa,11877.03,,,,,,,,,,,,,
6/9/2020,affiliate / cpa,14494.69,,,,,,,,,,,,,
6/10/2020,affiliate / cpa,9204.19,,,,,,,,,,,,,
6/11/2020,affiliate / cpa,11937.68,,,,,,,,,,,,,
6/12/2020,affiliate / cpa,15429.41,,,,,,,,,,,,,
6/13/2020,affiliate / cpa,10298.75,,,,,,,,,,,,,
6/14/2020,affiliate / cpa,11989.2,,,,,,,,,,,,,
6/15/2020,affiliate / cpa,17759.45,,,,,,,,,,,,,
6/16/2020,affiliate / cpa,18517.4,,,,,,,,,,,,,
6/17/2020,affiliate / cpa,8576.33,,,,,,,,,,,,,
6/18/2020,affiliate / cpa,11360.99,,,,,,,,,,,,,
6/19/2020,affiliate / cpa,12165.11,,,,,,,,,,,,,
6/20/2020,affiliate / cpa,14367,,,,,,,,,,,,,
6/21/2020,affiliate / cpa,9263.89,,,,,,,,,,,,,
6/22/2020,affiliate / cpa,11855.82,,,,,,,,,,,,,
6/23/2020,affiliate / cpa,5589.28,,,,,,,,,,,,,
6/24/2020,affiliate / cpa,13220.25,,,,,,,,,,,,,
6/25/2020,affiliate / cpa,7785.8,,,,,,,,,,,,,
6/26/2020,affiliate / cpa,16926.53,,,,,,,,,,,,,
6/27/2020,affiliate / cpa,17795.16,,,,,,,,,,,,,
6/28/2020,affiliate / cpa,18210.43,,,,,,,,,,,,,
6/29/2020,affiliate / cpa,12005.53,,,,,,,,,,,,,
6/30/2020,affiliate / cpa,14464.35,,,,,,,,,,,,,
7/1/2020,affiliate / cpa,0,,,,,,,,,,,,,
7/2/2020,affiliate / cpa,10867.46,,,,,,,,,,,,,
7/3/2020,affiliate / cpa,18493.59,,,,,,,,,,,,,
7/4/2020,affiliate / cpa,15126.32,,,,,,,,,,,,,
7/5/2020,affiliate / cpa,11886.5,,,,,,,,,,,,,
7/6/2020,affiliate / cpa,11979.72,,,,,,,,,,,,,
7/7/2020,affiliate / cpa,10336.41,,,,,,,,,,,,,
7/8/2020,affiliate / cpa,8128.77,,,,,,,,,,,,,
7/9/2020,affiliate / cpa,8133.3,,,,,,,,,,,,,
7/10/2020,affiliate / cpa,15194.36,,,,,,,,,,,,,
7/11/2020,affiliate / cpa,10618.31,,,,,,,,,,,,,
7/12/2020,affiliate / cpa,14188.89,,,,,,,,,,,,,
7/13/2020,affiliate / cpa,8838.9,,,,,,,,,,,,,
7/14/2020,affiliate / cpa,10592.34,,,,,,,,,,,,,
7/15/2020,affiliate / cpa,10032.02,,,,,,,,,,,,,
7/16/2020,affiliate / cpa,6285.53,,,,,,,,,,,,,
7/17/2020,affiliate / cpa,8662.69,,,,,,,,,,,,,
7/18/2020,affiliate / cpa,13377.15,,,,,,,,,,,,,
7/19/2020,affiliate / cpa,8825.01,,,,,,,,,,,,,
7/20/2020,affiliate / cpa,16173.06,,,,,,,,,,,,,
7/21/2020,affiliate / cpa,11362.95,,,,,,,,,,,,,
7/22/2020,affiliate / cpa,7422.92,,,,,,,,,,,,,
7/23/2020,affiliate / cpa,11782.82,,,,,,,,,,,,,
7/24/2020,affiliate / cpa,7964.74,,,,,,,,,,,,,
7/25/2020,affiliate / cpa,11987.77,,,,,,,,,,,,,
7/26/2020,affiliate / cpa,10053.84,,,,,,,,,,,,,
7/27/2020,affiliate / cpa,9842.35,,,,,,,,,,,,,
7/28/2020,affiliate / cpa,4295.03,,,,,,,,,,,,,
7/29/2020,affiliate / cpa,9164.31,,,,,,,,,,,,,
7/30/2020,affiliate / cpa,13827.62,,,,,,,,,,,,,
7/31/2020,affiliate / cpa,9327.54,,,,,,,,,,,,,
8/1/2020,affiliate / cpa,12641.52,,,,,,,,,,,,,
8/2/2020,affiliate / cpa,15177.54,,,,,,,,,,,,,
8/3/2020,affiliate / cpa,4944.17,,,,,,,,,,,,,
8/4/2020,affiliate / cpa,4844.75,,,,,,,,,,,,,
8/5/2020,affiliate / cpa,10443.59,,,,,,,,,,,,,
8/6/2020,affiliate / cpa,14574.43,,,,,,,,,,,,,
8/7/2020,affiliate / cpa,5724.11,,,,,,,,,,,,,
8/8/2020,affiliate / cpa,21001.36,,,,,,,,,,,,,
8/9/2020,affiliate / cpa,8030.13,,,,,,,,,,,,,
8/10/2020,affiliate / cpa,12993.44,,,,,,,,,,,,,
8/11/2020,affiliate / cpa,15975.13,,,,,,,,,,,,,
8/12/2020,affiliate / cpa,11372.92,,,,,,,,,,,,,
8/13/2020,affiliate / cpa,6835.95,,,,,,,,,,,,,
8/14/2020,affiliate / cpa,11284.68,,,,,,,,,,,,,
8/15/2020,affiliate / cpa,7045.9,,,,,,,,,,,,,
8/16/2020,affiliate / cpa,9263.44,,,,,,,,,,,,,
8/17/2020,affiliate / cpa,16826.16,,,,,,,,,,,,,
8/18/2020,affiliate / cpa,11592.35,,,,,,,,,,,,,
8/19/2020,affiliate / cpa,10320.93,,,,,,,,,,,,,
8/20/2020,affiliate / cpa,12668.16,,,,,,,,,,,,,
8/21/2020,affiliate / cpa,8686.49,,,,,,,,,,,,,
8/22/2020,affiliate / cpa,13505.88,,,,,,,,,,,,,
8/23/2020,affiliate / cpa,12661.26,,,,,,,,,,,,,
8/24/2020,affiliate / cpa,9643.07,,,,,,,,,,,,,
8/25/2020,affiliate / cpa,7313.9,,,,,,,,,,,,,
8/26/2020,affiliate / cpa,13343.83,,,,,,,,,,,,,
8/27/2020,affiliate / cpa,6347.29,,,,,,,,,,,,,
8/28/2020,affiliate / cpa,13099.7,,,,,,,,,,,,,
8/29/2020,affiliate / cpa,8482.94,,,,,,,,,,,,,
8/30/2020,affiliate / cpa,11170.65,,,,,,,,,,,,,
8/31/2020,affiliate / cpa,14060.8,,,,,,,,,,,,,
9/1/2020,affiliate / cpa,5825.5,,,,,,,,,,,,,
9/2/2020,affiliate / cpa,10375.47,,,,,,,,,,,,,
9/3/2020,affiliate / cpa,18532.09,,,,,,,,,,,,,
9/4/2020,affiliate / cpa,7558.17,,,,,,,,,,,,,
9/5/2020,affiliate / cpa,14407.73,,,,,,,,,,,,,
9/6/2020,affiliate / cpa,14070.94,,,,,,,,,,,,,
9/7/2020,affiliate / cpa,17051.01,,,,,,,,,,,,,
9/8/2020,affiliate / cpa,13141.3,,,,,,,,,,,,,
9/9/2020,affiliate / cpa,11408.35,,,,,,,,,,,,,
9/10/2020,affiliate / cpa,21010.65,,,,,,,,,,,,,
9/11/2020,affiliate / cpa,12091.04,,,,,,,,,,,,,
9/12/2020,affiliate / cpa,15357,,,,,,,,,,,,,
9/13/2020,affiliate / cpa,11277.71,,,,,,,,,,,,,
9/14/2020,affiliate / cpa,9649.92,,,,,,,,,,,,,
9/15/2020,affiliate / cpa,14265.41,,,,,,,,,,,,,
9/16/2020,affiliate / cpa,11727.49,,,,,,,,,,,,,
9/17/2020,affiliate / cpa,5956.29,,,,,,,,,,,,,
9/18/2020,affiliate / cpa,12606.65,,,,,,,,,,,,,
9/19/2020,affiliate / cpa,9247.75,,,,,,,,,,,,,
9/20/2020,affiliate / cpa,7248.35,,,,,,,,,,,,,
9/21/2020,affiliate / cpa,13014.71,,,,,,,,,,,,,
9/22/2020,affiliate / cpa,13365.01,,,,,,,,,,,,,
9/23/2020,affiliate / cpa,8464.07,,,,,,,,,,,,,
9/24/2020,affiliate / cpa,9815.15,,,,,,,,,,,,,
9/25/2020,affiliate / cpa,15087.45,,,,,,,,,,,,,
9/26/2020,affiliate / cpa,13167.27,,,,,,,,,,,,,
9/27/2020,affiliate / cpa,12696.91,,,,,,,,,,,,,
9/28/2020,affiliate / cpa,9100.29,,,,,,,,,,,,,
9/29/2020,affiliate / cpa,22222.22,,,,,,,,,,,,,
9/30/2020,affiliate / cpa,17474.41,,,,,,,,,,,,,
10/1/2020,affiliate / cpa,18442.77,,,,,,,,,,,,,
10/2/2020,affiliate / cpa,10751.04,,,,,,,,,,,,,
10/3/2020,affiliate / cpa,13707.64,,,,,,,,,,,,,
10/4/2020,affiliate / cpa,10299.65,,,,,,,,,,,,,
10/5/2020,affiliate / cpa,13320.99,,,,,,,,,,,,,
10/6/2020,affiliate / cpa,17517.58,,,,,,,,,,,,,
10/7/2020,affiliate / cpa,10959.38,,,,,,,,,,,,,
10/8/2020,affiliate / cpa,19015.39,,,,,,,,,,,,,
10/9/2020,affiliate / cpa,16960.37,,,,,,,,,,,,,
10/10/2020,affiliate / cpa,9342.8,,,,,,,,,,,,,
10/11/2020,affiliate / cpa,11730.68,,,,,,,,,,,,,
10/12/2020,affiliate / cpa,12423.72,,,,,,,,,,,,,
10/13/2020,affiliate / cpa,13360.96,,,,,,,,,,,,,
10/14/2020,affiliate / cpa,11624.65,,,,,,,,,,,,,
10/15/2020,affiliate / cpa,15131.95,,,,,,,,,,,,,
10/16/2020,affiliate / cpa,9233.85,,,,,,,,,,,,,
10/17/2020,affiliate / cpa,12896.3,,,,,,,,,,,,,
10/18/2020,affiliate / cpa,9815.89,,,,,,,,,,,,,
10/19/2020,affiliate / cpa,10224.63,,,,,,,,,,,,,
10/20/2020,affiliate / cpa,13246.65,,,,,,,,,,,,,
10/21/2020,affiliate / cpa,19777.5,,,,,,,,,,,,,
10/22/2020,affiliate / cpa,17547.53,,,,,,,,,,,,,
4/26/2020,facebook / cpc,9915.31,,,,,,,,,,,,,
4/27/2020,facebook / cpc,7670.69,,,,,,,,,,,,,
4/28/2020,facebook / cpc,8536.14,,,,,,,,,,,,,
4/29/2020,facebook / cpc,11730.94,,,,,,,,,,,,,
4/30/2020,facebook / cpc,9923.01,,,,,,,,,,,,,
5/1/2020,facebook / cpc,6255.59,,,,,,,,,,,,,
5/2/2020,facebook / cpc,8088.98,,,,,,,,,,,,,
5/3/2020,facebook / cpc,7620.96,,,,,,,,,,,,,
5/4/2020,facebook / cpc,6664.45,,,,,,,,,,,,,
5/5/2020,facebook / cpc,7918.28,,,,,,,,,,,,,
5/6/2020,facebook / cpc,7792.98,,,,,,,,,,,,,
5/7/2020,facebook / cpc,9794.67,,,,,,,,,,,,,
5/8/2020,facebook / cpc,9004.99,,,,,,,,,,,,,
5/9/2020,facebook / cpc,7122.23,,,,,,,,,,,,,
5/10/2020,facebook / cpc,7971.87,,,,,,,,,,,,,
5/11/2020,facebook / cpc,8566.73,,,,,,,,,,,,,
5/12/2020,facebook / cpc,9436.98,,,,,,,,,,,,,
5/13/2020,facebook / cpc,7026.07,,,,,,,,,,,,,
5/14/2020,facebook / cpc,8544.2,,,,,,,,,,,,,
5/15/2020,facebook / cpc,6035.6,,,,,,,,,,,,,
5/16/2020,facebook / cpc,4098.64,,,,,,,,,,,,,
5/17/2020,facebook / cpc,8498.96,,,,,,,,,,,,,
5/18/2020,facebook / cpc,8535.09,,,,,,,,,,,,,
5/19/2020,facebook / cpc,7371.45,,,,,,,,,,,,,
5/20/2020,facebook / cpc,11484.65,,,,,,,,,,,,,
5/21/2020,facebook / cpc,5279.42,,,,,,,,,,,,,
5/22/2020,facebook / cpc,7971.82,,,,,,,,,,,,,
5/23/2020,facebook / cpc,7686.15,,,,,,,,,,,,,
5/24/2020,facebook / cpc,10447.46,,,,,,,,,,,,,
5/25/2020,facebook / cpc,10013.22,,,,,,,,,,,,,
5/26/2020,facebook / cpc,7453.36,,,,,,,,,,,,,
5/27/2020,facebook / cpc,9238.74,,,,,,,,,,,,,
5/28/2020,facebook / cpc,6193.43,,,,,,,,,,,,,
5/29/2020,facebook / cpc,5126.08,,,,,,,,,,,,,
5/30/2020,facebook / cpc,6628.84,,,,,,,,,,,,,
5/31/2020,facebook / cpc,6925.94,,,,,,,,,,,,,
6/1/2020,facebook / cpc,8398.38,,,,,,,,,,,,,
6/2/2020,facebook / cpc,9252.12,,,,,,,,,,,,,
6/3/2020,facebook / cpc,7046.29,,,,,,,,,,,,,
6/4/2020,facebook / cpc,6932.3,,,,,,,,,,,,,
6/5/2020,facebook / cpc,4922.58,,,,,,,,,,,,,
6/6/2020,facebook / cpc,5892.38,,,,,,,,,,,,,
6/7/2020,facebook / cpc,4491.86,,,,,,,,,,,,,
6/8/2020,facebook / cpc,11850.8,,,,,,,,,,,,,
6/9/2020,facebook / cpc,6629.46,,,,,,,,,,,,,
6/10/2020,facebook / cpc,6464.18,,,,,,,,,,,,,
6/11/2020,facebook / cpc,4880.98,,,,,,,,,,,,,
6/12/2020,facebook / cpc,8653.72,,,,,,,,,,,,,
6/13/2020,facebook / cpc,4873.06,,,,,,,,,,,,,
6/14/2020,facebook / cpc,7379.38,,,,,,,,,,,,,
6/15/2020,facebook / cpc,6219.93,,,,,,,,,,,,,
6/16/2020,facebook / cpc,7923.15,,,,,,,,,,,,,
6/17/2020,facebook / cpc,6261.18,,,,,,,,,,,,,
6/18/2020,facebook / cpc,5451.08,,,,,,,,,,,,,
6/19/2020,facebook / cpc,7478.94,,,,,,,,,,,,,
6/20/2020,facebook / cpc,8069.93,,,,,,,,,,,,,
6/21/2020,facebook / cpc,8251.71,,,,,,,,,,,,,
6/22/2020,facebook / cpc,7580.83,,,,,,,,,,,,,
6/23/2020,facebook / cpc,6638.17,,,,,,,,,,,,,
6/24/2020,facebook / cpc,7209.3,,,,,,,,,,,,,
6/25/2020,facebook / cpc,6869.46,,,,,,,,,,,,,
6/26/2020,facebook / cpc,6634.79,,,,,,,,,,,,,
6/27/2020,facebook / cpc,6281.74,,,,,,,,,,,,,
6/28/2020,facebook / cpc,5269.55,,,,,,,,,,,,,
6/29/2020,facebook / cpc,7453.79,,,,,,,,,,,,,
6/30/2020,facebook / cpc,6953.06,,,,,,,,,,,,,
7/1/2020,facebook / cpc,5390.76,,,,,,,,,,,,,
7/2/2020,facebook / cpc,8310.2,,,,,,,,,,,,,
7/3/2020,facebook / cpc,6058.24,,,,,,,,,,,,,
7/4/2020,facebook / cpc,7108.71,,,,,,,,,,,,,
7/5/2020,facebook / cpc,8380.65,,,,,,,,,,,,,
7/6/2020,facebook / cpc,8093.06,,,,,,,,,,,,,
7/7/2020,facebook / cpc,9143.83,,,,,,,,,,,,,
7/8/2020,facebook / cpc,5251.86,,,,,,,,,,,,,
7/9/2020,facebook / cpc,8506.62,,,,,,,,,,,,,
7/10/2020,facebook / cpc,5825.01,,,,,,,,,,,,,
7/11/2020,facebook / cpc,6720.74,,,,,,,,,,,,,
7/12/2020,facebook / cpc,6430.8,,,,,,,,,,,,,
7/13/2020,facebook / cpc,7046.87,,,,,,,,,,,,,
7/14/2020,facebook / cpc,7496.96,,,,,,,,,,,,,
7/15/2020,facebook / cpc,6014.35,,,,,,,,,,,,,
7/16/2020,facebook / cpc,9424.85,,,,,,,,,,,,,
7/17/2020,facebook / cpc,8222.32,,,,,,,,,,,,,
7/18/2020,facebook / cpc,5304.19,,,,,,,,,,,,,
7/19/2020,facebook / cpc,10998.23,,,,,,,,,,,,,
7/20/2020,facebook / cpc,9811.5,,,,,,,,,,,,,
7/21/2020,facebook / cpc,9234.17,,,,,,,,,,,,,
7/22/2020,facebook / cpc,7025.99,,,,,,,,,,,,,
7/23/2020,facebook / cpc,6611.58,,,,,,,,,,,,,
7/24/2020,facebook / cpc,8373.61,,,,,,,,,,,,,
7/25/2020,facebook / cpc,6901.07,,,,,,,,,,,,,
7/26/2020,facebook / cpc,9695.94,,,,,,,,,,,,,
7/27/2020,facebook / cpc,7569.95,,,,,,,,,,,,,
7/28/2020,facebook / cpc,8660.16,,,,,,,,,,,,,
7/29/2020,facebook / cpc,8513.19,,,,,,,,,,,,,
7/30/2020,facebook / cpc,8916.84,,,,,,,,,,,,,
7/31/2020,facebook / cpc,7164.67,,,,,,,,,,,,,
8/1/2020,facebook / cpc,10762.06,,,,,,,,,,,,,
8/2/2020,facebook / cpc,7626.27,,,,,,,,,,,,,
8/3/2020,facebook / cpc,8495.68,,,,,,,,,,,,,
8/4/2020,facebook / cpc,9968.96,,,,,,,,,,,,,
8/5/2020,facebook / cpc,5998.15,,,,,,,,,,,,,
8/6/2020,facebook / cpc,5967.19,,,,,,,,,,,,,
8/7/2020,facebook / cpc,8583.55,,,,,,,,,,,,,
8/8/2020,facebook / cpc,5215.03,,,,,,,,,,,,,
8/9/2020,facebook / cpc,11271.6,,,,,,,,,,,,,
8/10/2020,facebook / cpc,6726.54,,,,,,,,,,,,,
8/11/2020,facebook / cpc,6070.6,,,,,,,,,,,,,
8/12/2020,facebook / cpc,10432.04,,,,,,,,,,,,,
8/13/2020,facebook / cpc,10643,,,,,,,,,,,,,
8/14/2020,facebook / cpc,9094.9,,,,,,,,,,,,,
8/15/2020,facebook / cpc,9444.9,,,,,,,,,,,,,
8/16/2020,facebook / cpc,7041.46,,,,,,,,,,,,,
8/17/2020,facebook / cpc,11444.84,,,,,,,,,,,,,
8/18/2020,facebook / cpc,6066.86,,,,,,,,,,,,,
8/19/2020,facebook / cpc,7782.34,,,,,,,,,,,,,
8/20/2020,facebook / cpc,8974.34,,,,,,,,,,,,,
8/21/2020,facebook / cpc,6999.93,,,,,,,,,,,,,
8/22/2020,facebook / cpc,8842.56,,,,,,,,,,,,,
8/23/2020,facebook / cpc,10926.51,,,,,,,,,,,,,
8/24/2020,facebook / cpc,8944.62,,,,,,,,,,,,,
8/25/2020,facebook / cpc,6857.69,,,,,,,,,,,,,
8/26/2020,facebook / cpc,10624.43,,,,,,,,,,,,,
8/27/2020,facebook / cpc,10803.94,,,,,,,,,,,,,
8/28/2020,facebook / cpc,8005,,,,,,,,,,,,,
8/29/2020,facebook / cpc,8590.89,,,,,,,,,,,,,
8/30/2020,facebook / cpc,7489.48,,,,,,,,,,,,,
8/31/2020,facebook / cpc,13620.35,,,,,,,,,,,,,
9/1/2020,facebook / cpc,9912.28,,,,,,,,,,,,,
9/2/2020,facebook / cpc,9137.97,,,,,,,,,,,,,
9/3/2020,facebook / cpc,8167.2,,,,,,,,,,,,,
9/4/2020,facebook / cpc,9832.48,,,,,,,,,,,,,
9/5/2020,facebook / cpc,6751.84,,,,,,,,,,,,,
9/6/2020,facebook / cpc,9052.82,,,,,,,,,,,,,
9/7/2020,facebook / cpc,7998.37,,,,,,,,,,,,,
9/8/2020,facebook / cpc,10333.36,,,,,,,,,,,,,
9/9/2020,facebook / cpc,9555.81,,,,,,,,,,,,,
9/10/2020,facebook / cpc,8697.31,,,,,,,,,,,,,
9/11/2020,facebook / cpc,9701.99,,,,,,,,,,,,,
9/12/2020,facebook / cpc,7047.36,,,,,,,,,,,,,
9/13/2020,facebook / cpc,6753.08,,,,,,,,,,,,,
9/14/2020,facebook / cpc,9483.9,,,,,,,,,,,,,
9/15/2020,facebook / cpc,9940.01,,,,,,,,,,,,,
9/16/2020,facebook / cpc,10765.96,,,,,,,,,,,,,
9/17/2020,facebook / cpc,14056.2,,,,,,,,,,,,,
9/18/2020,facebook / cpc,10724.42,,,,,,,,,,,,,
9/19/2020,facebook / cpc,7775.01,,,,,,,,,,,,,
9/20/2020,facebook / cpc,10172.56,,,,,,,,,,,,,
9/21/2020,facebook / cpc,6086.36,,,,,,,,,,,,,
9/22/2020,facebook / cpc,9148.2,,,,,,,,,,,,,
9/23/2020,facebook / cpc,8334.23,,,,,,,,,,,,,
9/24/2020,facebook / cpc,14097.91,,,,,,,,,,,,,
9/25/2020,facebook / cpc,8258.43,,,,,,,,,,,,,
9/26/2020,facebook / cpc,7654.33,,,,,,,,,,,,,
9/27/2020,facebook / cpc,8345.93,,,,,,,,,,,,,
9/28/2020,facebook / cpc,7974.54,,,,,,,,,,,,,
9/29/2020,facebook / cpc,11906.2,,,,,,,,,,,,,
9/30/2020,facebook / cpc,7053.18,,,,,,,,,,,,,
10/1/2020,facebook / cpc,7097.64,,,,,,,,,,,,,
10/2/2020,facebook / cpc,7744.84,,,,,,,,,,,,,
10/3/2020,facebook / cpc,7636.43,,,,,,,,,,,,,
10/4/2020,facebook / cpc,12569.62,,,,,,,,,,,,,
10/5/2020,facebook / cpc,11471.59,,,,,,,,,,,,,
10/6/2020,facebook / cpc,8686.96,,,,,,,,,,,,,
10/7/2020,facebook / cpc,6917.9,,,,,,,,,,,,,
10/8/2020,facebook / cpc,11226.19,,,,,,,,,,,,,
10/9/2020,facebook / cpc,7658.43,,,,,,,,,,,,,
10/10/2020,facebook / cpc,5345.78,,,,,,,,,,,,,
10/11/2020,facebook / cpc,11560.73,,,,,,,,,,,,,
10/12/2020,facebook / cpc,8635.74,,,,,,,,,,,,,
10/13/2020,facebook / cpc,11380.8,,,,,,,,,,,,,
10/14/2020,facebook / cpc,9791.02,,,,,,,,,,,,,
10/15/2020,facebook / cpc,11550.83,,,,,,,,,,,,,
10/16/2020,facebook / cpc,7162.64,,,,,,,,,,,,,
10/17/2020,facebook / cpc,6888.34,,,,,,,,,,,,,
10/18/2020,facebook / cpc,9100.6,,,,,,,,,,,,,
10/19/2020,facebook / cpc,6827.52,,,,,,,,,,,,,
10/20/2020,facebook / cpc,8325.87,,,,,,,,,,,,,
10/21/2020,facebook / cpc,8113.04,,,,,,,,,,,,,
10/22/2020,facebook / cpc,9278.44,,,,,,,,,,,,,
4/26/2020,(direct) / (none),2710.58,,,,,,,,,,,,,
4/27/2020,(direct) / (none),4554.83,,,,,,,,,,,,,
4/28/2020,(direct) / (none),4728.70,,,,,,,,,,,,,
4/29/2020,(direct) / (none),5535.53,,,,,,,,,,,,,
4/30/2020,(direct) / (none),7202.45,,,,,,,,,,,,,
5/1/2020,(direct) / (none),6776.28,,,,,,,,,,,,,
5/2/2020,(direct) / (none),8216.78,,,,,,,,,,,,,
5/3/2020,(direct) / (none),5216.27,,,,,,,,,,,,,
5/4/2020,(direct) / (none),3972.78,,,,,,,,,,,,,
5/5/2020,(direct) / (none),6583.86,,,,,,,,,,,,,
5/6/2020,(direct) / (none),7032.96,,,,,,,,,,,,,
5/7/2020,(direct) / (none),7047.64,,,,,,,,,,,,,
5/8/2020,(direct) / (none),6579.65,,,,,,,,,,,,,
5/9/2020,(direct) / (none),7194.64,,,,,,,,,,,,,
5/10/2020,(direct) / (none),6607.25,,,,,,,,,,,,,
5/11/2020,(direct) / (none),6684.79,,,,,,,,,,,,,
5/12/2020,(direct) / (none),6025.36,,,,,,,,,,,,,
5/13/2020,(direct) / (none),6792.63,,,,,,,,,,,,,
5/14/2020,(direct) / (none),6697.00,,,,,,,,,,,,,
5/15/2020,(direct) / (none),6372.00,,,,,,,,,,,,,
5/16/2020,(direct) / (none),5465.43,,,,,,,,,,,,,
5/17/2020,(direct) / (none),5824.83,,,,,,,,,,,,,
5/18/2020,(direct) / (none),1862.27,,,,,,,,,,,,,
5/19/2020,(direct) / (none),7178.29,,,,,,,,,,,,,
5/20/2020,(direct) / (none),5432.89,,,,,,,,,,,,,
5/21/2020,(direct) / (none),6727.44,,,,,,,,,,,,,
5/22/2020,(direct) / (none),4550.64,,,,,,,,,,,,,
5/23/2020,(direct) / (none),9777.13,,,,,,,,,,,,,
5/24/2020,(direct) / (none),10080.02,,,,,,,,,,,,,
5/25/2020,(direct) / (none),7722.99,,,,,,,,,,,,,
5/26/2020,(direct) / (none),6210.10,,,,,,,,,,,,,
5/27/2020,(direct) / (none),7164.84,,,,,,,,,,,,,
5/28/2020,(direct) / (none),6127.79,,,,,,,,,,,,,
5/29/2020,(direct) / (none),6684.31,,,,,,,,,,,,,
5/30/2020,(direct) / (none),8191.61,,,,,,,,,,,,,
5/31/2020,(direct) / (none),2375.62,,,,,,,,,,,,,
6/1/2020,(direct) / (none),4720.08,,,,,,,,,,,,,
6/2/2020,(direct) / (none),6675.59,,,,,,,,,,,,,
6/3/2020,(direct) / (none),6529.99,,,,,,,,,,,,,
6/4/2020,(direct) / (none),6830.36,,,,,,,,,,,,,
6/5/2020,(direct) / (none),6028.69,,,,,,,,,,,,,
6/6/2020,(direct) / (none),9662.77,,,,,,,,,,,,,
6/7/2020,(direct) / (none),3839.75,,,,,,,,,,,,,
6/8/2020,(direct) / (none),6857.57,,,,,,,,,,,,,
6/9/2020,(direct) / (none),5200.46,,,,,,,,,,,,,
6/10/2020,(direct) / (none),7191.90,,,,,,,,,,,,,
6/11/2020,(direct) / (none),5511.39,,,,,,,,,,,,,
6/12/2020,(direct) / (none),6480.08,,,,,,,,,,,,,
6/13/2020,(direct) / (none),6942.20,,,,,,,,,,,,,
6/14/2020,(direct) / (none),5603.70,,,,,,,,,,,,,
6/15/2020,(direct) / (none),3451.62,,,,,,,,,,,,,
6/16/2020,(direct) / (none),3570.94,,,,,,,,,,,,,
6/17/2020,(direct) / (none),6850.98,,,,,,,,,,,,,
6/18/2020,(direct) / (none),6580.31,,,,,,,,,,,,,
6/19/2020,(direct) / (none),7434.53,,,,,,,,,,,,,
6/20/2020,(direct) / (none),7695.72,,,,,,,,,,,,,
6/21/2020,(direct) / (none),6989.95,,,,,,,,,,,,,
6/22/2020,(direct) / (none),6413.54,,,,,,,,,,,,,
6/23/2020,(direct) / (none),8554.06,,,,,,,,,,,,,
6/24/2020,(direct) / (none),7075.13,,,,,,,,,,,,,
6/25/2020,(direct) / (none),8239.47,,,,,,,,,,,,,
6/26/2020,(direct) / (none),6018.97,,,,,,,,,,,,,
6/27/2020,(direct) / (none),5652.16,,,,,,,,,,,,,
6/28/2020,(direct) / (none),3434.90,,,,,,,,,,,,,
6/29/2020,(direct) / (none),5547.30,,,,,,,,,,,,,
6/30/2020,(direct) / (none),6005.12,,,,,,,,,,,,,
7/1/2020,(direct) / (none),9918.68,,,,,,,,,,,,,
7/2/2020,(direct) / (none),8112.36,,,,,,,,,,,,,
7/3/2020,(direct) / (none),4802.44,,,,,,,,,,,,,
7/4/2020,(direct) / (none),5758.87,,,,,,,,,,,,,
7/5/2020,(direct) / (none),4196.35,,,,,,,,,,,,,
7/6/2020,(direct) / (none),6102.90,,,,,,,,,,,,,
7/7/2020,(direct) / (none),6489.16,,,,,,,,,,,,,
7/8/2020,(direct) / (none),6725.35,,,,,,,,,,,,,
7/9/2020,(direct) / (none),8909.05,,,,,,,,,,,,,
7/10/2020,(direct) / (none),5147.85,,,,,,,,,,,,,
7/11/2020,(direct) / (none),9283.92,,,,,,,,,,,,,
7/12/2020,(direct) / (none),4506.66,,,,,,,,,,,,,
7/13/2020,(direct) / (none),6584.00,,,,,,,,,,,,,
7/14/2020,(direct) / (none),6453.67,,,,,,,,,,,,,
7/15/2020,(direct) / (none),7676.42,,,,,,,,,,,,,
7/16/2020,(direct) / (none),9952.88,,,,,,,,,,,,,
7/17/2020,(direct) / (none),9518.94,,,,,,,,,,,,,
7/18/2020,(direct) / (none),6879.28,,,,,,,,,,,,,
7/19/2020,(direct) / (none),7475.57,,,,,,,,,,,,,
7/20/2020,(direct) / (none),2758.54,,,,,,,,,,,,,
7/21/2020,(direct) / (none),6923.57,,,,,,,,,,,,,
7/22/2020,(direct) / (none),7859.22,,,,,,,,,,,,,
7/23/2020,(direct) / (none),7283.03,,,,,,,,,,,,,
7/24/2020,(direct) / (none),8127.63,,,,,,,,,,,,,
7/25/2020,(direct) / (none),7931.68,,,,,,,,,,,,,
7/26/2020,(direct) / (none),7016.26,,,,,,,,,,,,,
7/27/2020,(direct) / (none),6715.68,,,,,,,,,,,,,
7/28/2020,(direct) / (none),9363.66,,,,,,,,,,,,,
7/29/2020,(direct) / (none),8565.67,,,,,,,,,,,,,
7/30/2020,(direct) / (none),6615.62,,,,,,,,,,,,,
7/31/2020,(direct) / (none),8259.29,,,,,,,,,,,,,
8/1/2020,(direct) / (none),8630.44,,,,,,,,,,,,,
8/2/2020,(direct) / (none),4879.28,,,,,,,,,,,,,
8/3/2020,(direct) / (none),8771.39,,,,,,,,,,,,,
8/4/2020,(direct) / (none),8725.73,,,,,,,,,,,,,
8/5/2020,(direct) / (none),7296.41,,,,,,,,,,,,,
8/6/2020,(direct) / (none),7607.29,,,,,,,,,,,,,
8/7/2020,(direct) / (none),10319.31,,,,,,,,,,,,,
8/8/2020,(direct) / (none),4301.06,,,,,,,,,,,,,
8/9/2020,(direct) / (none),8208.22,,,,,,,,,,,,,
8/10/2020,(direct) / (none),5875.44,,,,,,,,,,,,,
8/11/2020,(direct) / (none),4948.36,,,,,,,,,,,,,
8/12/2020,(direct) / (none),6952.68,,,,,,,,,,,,,
8/13/2020,(direct) / (none),10219.33,,,,,,,,,,,,,
8/14/2020,(direct) / (none),6709.78,,,,,,,,,,,,,
8/15/2020,(direct) / (none),11426.00,,,,,,,,,,,,,
8/16/2020,(direct) / (none),6486.16,,,,,,,,,,,,,
8/17/2020,(direct) / (none),3965.21,,,,,,,,,,,,,
8/18/2020,(direct) / (none),5616.41,,,,,,,,,,,,,
8/19/2020,(direct) / (none),6221.80,,,,,,,,,,,,,
8/20/2020,(direct) / (none),7042.48,,,,,,,,,,,,,
8/21/2020,(direct) / (none),8969.41,,,,,,,,,,,,,
8/22/2020,(direct) / (none),8057.78,,,,,,,,,,,,,
8/23/2020,(direct) / (none),6745.90,,,,,,,,,,,,,
8/24/2020,(direct) / (none),6100.86,,,,,,,,,,,,,
8/25/2020,(direct) / (none),7713.40,,,,,,,,,,,,,
8/26/2020,(direct) / (none),10618.56,,,,,,,,,,,,,
8/27/2020,(direct) / (none),8683.45,,,,,,,,,,,,,
8/28/2020,(direct) / (none),7478.88,,,,,,,,,,,,,
8/29/2020,(direct) / (none),12683.47,,,,,,,,,,,,,
8/30/2020,(direct) / (none),7088.34,,,,,,,,,,,,,
8/31/2020,(direct) / (none),5848.58,,,,,,,,,,,,,
9/1/2020,(direct) / (none),9500.03,,,,,,,,,,,,,
9/2/2020,(direct) / (none),7836.14,,,,,,,,,,,,,
9/3/2020,(direct) / (none),7633.90,,,,,,,,,,,,,
9/4/2020,(direct) / (none),12863.39,,,,,,,,,,,,,
9/5/2020,(direct) / (none),9544.77,,,,,,,,,,,,,
9/6/2020,(direct) / (none),7217.68,,,,,,,,,,,,,
9/7/2020,(direct) / (none),6730.23,,,,,,,,,,,,,
9/8/2020,(direct) / (none),8352.13,,,,,,,,,,,,,
9/9/2020,(direct) / (none),7723.31,,,,,,,,,,,,,
9/10/2020,(direct) / (none),4922.55,,,,,,,,,,,,,
9/11/2020,(direct) / (none),10294.04,,,,,,,,,,,,,
9/12/2020,(direct) / (none),10236.95,,,,,,,,,,,,,
9/13/2020,(direct) / (none),6294.96,,,,,,,,,,,,,
9/14/2020,(direct) / (none),9119.23,,,,,,,,,,,,,
9/15/2020,(direct) / (none),8047.92,,,,,,,,,,,,,
9/16/2020,(direct) / (none),11410.58,,,,,,,,,,,,,
9/17/2020,(direct) / (none),12638.31,,,,,,,,,,,,,
9/18/2020,(direct) / (none),14046.28,,,,,,,,,,,,,
9/19/2020,(direct) / (none),10306.50,,,,,,,,,,,,,
9/20/2020,(direct) / (none),12815.63,,,,,,,,,,,,,
9/21/2020,(direct) / (none),7643.96,,,,,,,,,,,,,
9/22/2020,(direct) / (none),8327.60,,,,,,,,,,,,,
9/23/2020,(direct) / (none),9092.10,,,,,,,,,,,,,
9/24/2020,(direct) / (none),12051.19,,,,,,,,,,,,,
9/25/2020,(direct) / (none),8169.11,,,,,,,,,,,,,
9/26/2020,(direct) / (none),8599.61,,,,,,,,,,,,,
9/27/2020,(direct) / (none),5616.66,,,,,,,,,,,,,
9/28/2020,(direct) / (none),9412.31,,,,,,,,,,,,,
9/29/2020,(direct) / (none),4082.88,,,,,,,,,,,,,
9/30/2020,(direct) / (none),4847.44,,,,,,,,,,,,,
10/1/2020,(direct) / (none),8261.61,,,,,,,,,,,,,
10/2/2020,(direct) / (none),12847.76,,,,,,,,,,,,,
10/3/2020,(direct) / (none),10760.85,,,,,,,,,,,,,
10/4/2020,(direct) / (none),8548.87,,,,,,,,,,,,,
10/5/2020,(direct) / (none),9262.81,,,,,,,,,,,,,
10/6/2020,(direct) / (none),9738.64,,,,,,,,,,,,,
10/7/2020,(direct) / (none),7850.07,,,,,,,,,,,,,
10/8/2020,(direct) / (none),10811.91,,,,,,,,,,,,,
10/9/2020,(direct) / (none),8860.99,,,,,,,,,,,,,
10/10/2020,(direct) / (none),9407.63,,,,,,,,,,,,,
10/11/2020,(direct) / (none),9151.77,,,,,,,,,,,,,
10/12/2020,(direct) / (none),5147.25,,,,,,,,,,,,,
10/13/2020,(direct) / (none),9063.16,,,,,,,,,,,,,
10/14/2020,(direct) / (none),9460.12,,,,,,,,,,,,,
10/15/2020,(direct) / (none),5993.92,,,,,,,,,,,,,
10/16/2020,(direct) / (none),10840.42,,,,,,,,,,,,,
10/17/2020,(direct) / (none),10075.00,,,,,,,,,,,,,
10/18/2020,(direct) / (none),6366.96,,,,,,,,,,,,,
10/19/2020,(direct) / (none),11100.78,,,,,,,,,,,,,
10/20/2020,(direct) / (none),7340.66,,,,,,,,,,,,,
10/21/2020,(direct) / (none),4836.67,,,,,,,,,,,,,
10/22/2020,(direct) / (none),5777.67,,,,,,,,,,,,,
4/26/2020,google / organic,3872.63,,,,,,,,,,,,,
4/27/2020,google / organic,7958.26,,,,,,,,,,,,,
4/28/2020,google / organic,7577.43,,,,,,,,,,,,,
4/29/2020,google / organic,7384.93,,,,,,,,,,,,,
4/30/2020,google / organic,10137.62,,,,,,,,,,,,,
5/1/2020,google / organic,14681.55,,,,,,,,,,,,,
5/2/2020,google / organic,13222.79,,,,,,,,,,,,,
5/3/2020,google / organic,9916.39,,,,,,,,,,,,,
5/4/2020,google / organic,7496.41,,,,,,,,,,,,,
5/5/2020,google / organic,11485.25,,,,,,,,,,,,,
5/6/2020,google / organic,12775.88,,,,,,,,,,,,,
5/7/2020,google / organic,10531.93,,,,,,,,,,,,,
5/8/2020,google / organic,10889.85,,,,,,,,,,,,,
5/9/2020,google / organic,13114.36,,,,,,,,,,,,,
5/10/2020,google / organic,11468.31,,,,,,,,,,,,,
5/11/2020,google / organic,11797.88,,,,,,,,,,,,,
5/12/2020,google / organic,8952.19,,,,,,,,,,,,,
5/13/2020,google / organic,13021.38,,,,,,,,,,,,,
5/14/2020,google / organic,11856.44,,,,,,,,,,,,,
5/15/2020,google / organic,13533.87,,,,,,,,,,,,,
5/16/2020,google / organic,15503.42,,,,,,,,,,,,,
5/17/2020,google / organic,9796.50,,,,,,,,,,,,,
5/18/2020,google / organic,3035.16,,,,,,,,,,,,,
5/19/2020,google / organic,14975.27,,,,,,,,,,,,,
5/20/2020,google / organic,7218.18,,,,,,,,,,,,,
5/21/2020,google / organic,15765.04,,,,,,,,,,,,,
5/22/2020,google / organic,8391.97,,,,,,,,,,,,,
5/23/2020,google / organic,18690.40,,,,,,,,,,,,,
5/24/2020,google / organic,14892.33,,,,,,,,,,,,,
5/25/2020,google / organic,11515.83,,,,,,,,,,,,,
5/26/2020,google / organic,11262.30,,,,,,,,,,,,,
5/27/2020,google / organic,12560.20,,,,,,,,,,,,,
5/28/2020,google / organic,13085.95,,,,,,,,,,,,,
5/29/2020,google / organic,17131.06,,,,,,,,,,,,,
5/30/2020,google / organic,16056.62,,,,,,,,,,,,,
5/31/2020,google / organic,4307.38,,,,,,,,,,,,,
6/1/2020,google / organic,7288.46,,,,,,,,,,,,,
6/2/2020,google / organic,10350.36,,,,,,,,,,,,,
6/3/2020,google / organic,12878.87,,,,,,,,,,,,,
6/4/2020,google / organic,13293.30,,,,,,,,,,,,,
6/5/2020,google / organic,13213.82,,,,,,,,,,,,,
6/6/2020,google / organic,22514.36,,,,,,,,,,,,,
6/7/2020,google / organic,9387.97,,,,,,,,,,,,,
6/8/2020,google / organic,9537.22,,,,,,,,,,,,,
6/9/2020,google / organic,10455.93,,,,,,,,,,,,,
6/10/2020,google / organic,14297.79,,,,,,,,,,,,,
6/11/2020,google / organic,12490.74,,,,,,,,,,,,,
6/12/2020,google / organic,10698.80,,,,,,,,,,,,,
6/13/2020,google / organic,16709.85,,,,,,,,,,,,,
6/14/2020,google / organic,10754.89,,,,,,,,,,,,,
6/15/2020,google / organic,7380.10,,,,,,,,,,,,,
6/16/2020,google / organic,6251.70,,,,,,,,,,,,,
6/17/2020,google / organic,13776.92,,,,,,,,,,,,,
6/18/2020,google / organic,14737.42,,,,,,,,,,,,,
6/19/2020,google / organic,13867.02,,,,,,,,,,,,,
6/20/2020,google / organic,13388.92,,,,,,,,,,,,,
6/21/2020,google / organic,12849.38,,,,,,,,,,,,,
6/22/2020,google / organic,11372.87,,,,,,,,,,,,,
6/23/2020,google / organic,17541.41,,,,,,,,,,,,,
6/24/2020,google / organic,13900.40,,,,,,,,,,,,,
6/25/2020,google / organic,16999.06,,,,,,,,,,,,,
6/26/2020,google / organic,11819.48,,,,,,,,,,,,,
6/27/2020,google / organic,11926.24,,,,,,,,,,,,,
6/28/2020,google / organic,8426.75,,,,,,,,,,,,,
6/29/2020,google / organic,10025.83,,,,,,,,,,,,,
6/30/2020,google / organic,11870.58,,,,,,,,,,,,,
7/1/2020,google / organic,23940.06,,,,,,,,,,,,,
7/2/2020,google / organic,14040.61,,,,,,,,,,,,,
7/3/2020,google / organic,10287.97,,,,,,,,,,,,,
7/4/2020,google / organic,10610.01,,,,,,,,,,,,,
7/5/2020,google / organic,6978.48,,,,,,,,,,,,,
7/6/2020,google / organic,11111.91,,,,,,,,,,,,,
7/7/2020,google / organic,10154.88,,,,,,,,,,,,,
7/8/2020,google / organic,15196.97,,,,,,,,,,,,,
7/9/2020,google / organic,15560.86,,,,,,,,,,,,,
7/10/2020,google / organic,10641.56,,,,,,,,,,,,,
7/11/2020,google / organic,19771.73,,,,,,,,,,,,,
7/12/2020,google / organic,9160.64,,,,,,,,,,,,,
7/13/2020,google / organic,12832.35,,,,,,,,,,,,,
7/14/2020,google / organic,11882.40,,,,,,,,,,,,,
7/15/2020,google / organic,17148.71,,,,,,,,,,,,,
7/16/2020,google / organic,16133.96,,,,,,,,,,,,,
7/17/2020,google / organic,16467.92,,,,,,,,,,,,,
7/18/2020,google / organic,16343.36,,,,,,,,,,,,,
7/19/2020,google / organic,11116.27,,,,,,,,,,,,,
7/20/2020,google / organic,3866.89,,,,,,,,,,,,,
7/21/2020,google / organic,10772.13,,,,,,,,,,,,,
7/22/2020,google / organic,15007.11,,,,,,,,,,,,,
7/23/2020,google / organic,16020.90,,,,,,,,,,,,,
7/24/2020,google / organic,12879.11,,,,,,,,,,,,,
7/25/2020,google / organic,15682.32,,,,,,,,,,,,,
7/26/2020,google / organic,10846.56,,,,,,,,,,,,,
7/27/2020,google / organic,12080.50,,,,,,,,,,,,,
7/28/2020,google / organic,15009.29,,,,,,,,,,,,,
7/29/2020,google / organic,15065.54,,,,,,,,,,,,,
7/30/2020,google / organic,11038.74,,,,,,,,,,,,,
7/31/2020,google / organic,15313.94,,,,,,,,,,,,,
8/1/2020,google / organic,12291.56,,,,,,,,,,,,,
8/2/2020,google / organic,8886.81,,,,,,,,,,,,,
8/3/2020,google / organic,15321.23,,,,,,,,,,,,,
8/4/2020,google / organic,12254.11,,,,,,,,,,,,,
8/5/2020,google / organic,16797.80,,,,,,,,,,,,,
8/6/2020,google / organic,17291.14,,,,,,,,,,,,,
8/7/2020,google / organic,16558.87,,,,,,,,,,,,,
8/8/2020,google / organic,9620.91,,,,,,,,,,,,,
8/9/2020,google / organic,11427.41,,,,,,,,,,,,,
8/10/2020,google / organic,11635.83,,,,,,,,,,,,,
8/11/2020,google / organic,10331.94,,,,,,,,,,,,,
8/12/2020,google / organic,9708.32,,,,,,,,,,,,,
8/13/2020,google / organic,15213.41,,,,,,,,,,,,,
8/14/2020,google / organic,9444.17,,,,,,,,,,,,,
8/15/2020,google / organic,18507.59,,,,,,,,,,,,,
8/16/2020,google / organic,13792.14,,,,,,,,,,,,,
8/17/2020,google / organic,5547.06,,,,,,,,,,,,,
8/18/2020,google / organic,10872.38,,,,,,,,,,,,,
8/19/2020,google / organic,10234.25,,,,,,,,,,,,,
8/20/2020,google / organic,11337.81,,,,,,,,,,,,,
8/21/2020,google / organic,17060.97,,,,,,,,,,,,,
8/22/2020,google / organic,13632.50,,,,,,,,,,,,,
8/23/2020,google / organic,10900.72,,,,,,,,,,,,,
8/24/2020,google / organic,10697.83,,,,,,,,,,,,,
8/25/2020,google / organic,17047.06,,,,,,,,,,,,,
8/26/2020,google / organic,18841.58,,,,,,,,,,,,,
8/27/2020,google / organic,13221.03,,,,,,,,,,,,,
8/28/2020,google / organic,15484.30,,,,,,,,,,,,,
8/29/2020,google / organic,24105.51,,,,,,,,,,,,,
8/30/2020,google / organic,14085.45,,,,,,,,,,,,,
8/31/2020,google / organic,8253.75,,,,,,,,,,,,,
9/1/2020,google / organic,15933.06,,,,,,,,,,,,,
9/2/2020,google / organic,13676.28,,,,,,,,,,,,,
9/3/2020,google / organic,15996.60,,,,,,,,,,,,,
9/4/2020,google / organic,22008.67,,,,,,,,,,,,,
9/5/2020,google / organic,19697.93,,,,,,,,,,,,,
9/6/2020,google / organic,13338.83,,,,,,,,,,,,,
9/7/2020,google / organic,13804.70,,,,,,,,,,,,,
9/8/2020,google / organic,13999.18,,,,,,,,,,,,,
9/9/2020,google / organic,13140.31,,,,,,,,,,,,,
9/10/2020,google / organic,9441.07,,,,,,,,,,,,,
9/11/2020,google / organic,17997.14,,,,,,,,,,,,,
9/12/2020,google / organic,22600.86,,,,,,,,,,,,,
9/13/2020,google / organic,14842.82,,,,,,,,,,,,,
9/14/2020,google / organic,15839.06,,,,,,,,,,,,,
9/15/2020,google / organic,14569.18,,,,,,,,,,,,,
9/16/2020,google / organic,19244.40,,,,,,,,,,,,,
9/17/2020,google / organic,16521.86,,,,,,,,,,,,,
9/18/2020,google / organic,22622.65,,,,,,,,,,,,,
9/19/2020,google / organic,22098.67,,,,,,,,,,,,,
9/20/2020,google / organic,20121.35,,,,,,,,,,,,,
9/21/2020,google / organic,17505.35,,,,,,,,,,,,,
9/22/2020,google / organic,16616.95,,,,,,,,,,,,,
9/23/2020,google / organic,17063.81,,,,,,,,,,,,,
9/24/2020,google / organic,17344.33,,,,,,,,,,,,,
9/25/2020,google / organic,17049.37,,,,,,,,,,,,,
9/26/2020,google / organic,18184.22,,,,,,,,,,,,,
9/27/2020,google / organic,10590.50,,,,,,,,,,,,,
9/28/2020,google / organic,19391.05,,,,,,,,,,,,,
9/29/2020,google / organic,6401.31,,,,,,,,,,,,,
9/30/2020,google / organic,10679.15,,,,,,,,,,,,,
10/1/2020,google / organic,18402.62,,,,,,,,,,,,,
10/2/2020,google / organic,25540.86,,,,,,,,,,,,,
10/3/2020,google / organic,21595.90,,,,,,,,,,,,,
10/4/2020,google / organic,11925.82,,,,,,,,,,,,,
10/5/2020,google / organic,14907.57,,,,,,,,,,,,,
10/6/2020,google / organic,17844.55,,,,,,,,,,,,,
10/7/2020,google / organic,17711.04,,,,,,,,,,,,,
10/8/2020,google / organic,17674.02,,,,,,,,,,,,,
10/9/2020,google / organic,19269.80,,,,,,,,,,,,,
10/10/2020,google / organic,22382.09,,,,,,,,,,,,,
10/11/2020,google / organic,14219.56,,,,,,,,,,,,,
10/12/2020,google / organic,9107.38,,,,,,,,,,,,,
10/13/2020,google / organic,14648.11,,,,,,,,,,,,,
10/14/2020,google / organic,16733.91,,,,,,,,,,,,,
10/15/2020,google / organic,9780.01,,,,,,,,,,,,,
10/16/2020,google / organic,22289.02,,,,,,,,,,,,,
10/17/2020,google / organic,22031.28,,,,,,,,,,,,,
10/18/2020,google / organic,10663.56,,,,,,,,,,,,,
10/19/2020,google / organic,23386.48,,,,,,,,,,,,,
10/20/2020,google / organic,15185.99,,,,,,,,,,,,,
10/21/2020,google / organic,9641.93,,,,,,,,,,,,,
10/22/2020,google / organic,10701.16,,,,,,,,,,,,,
4/26/2020,Total,30706.27,,,,,,,,,,,,,
4/27/2020,Total,32945.17,,,,,,,,,,,,,
4/28/2020,Total,33317.07,,,,,,,,,,,,,
4/29/2020,Total,37614.49,,,,,,,,,,,,,
4/30/2020,Total,37704.89,,,,,,,,,,,,,
5/1/2020,Total,39341.39,,,,,,,,,,,,,
5/2/2020,Total,39255.25,,,,,,,,,,,,,
5/3/2020,Total,33718.52,,,,,,,,,,,,,
5/4/2020,Total,32283.91,,,,,,,,,,,,,
5/5/2020,Total,36646.2,,,,,,,,,,,,,
5/6/2020,Total,36568.69,,,,,,,,,,,,,
5/7/2020,Total,38727.19,,,,,,,,,,,,,
5/8/2020,Total,40108.21,,,,,,,,,,,,,
5/9/2020,Total,37525.1,,,,,,,,,,,,,
5/10/2020,Total,33839.42,,,,,,,,,,,,,
5/11/2020,Total,37051.31,,,,,,,,,,,,,
5/12/2020,Total,34496.4,,,,,,,,,,,,,
5/13/2020,Total,38368.46,,,,,,,,,,,,,
5/14/2020,Total,40442.83,,,,,,,,,,,,,
5/15/2020,Total,37856.62,,,,,,,,,,,,,
5/16/2020,Total,40936.26,,,,,,,,,,,,,
5/17/2020,Total,32961.28,,,,,,,,,,,,,
5/18/2020,Total,34884.55,,,,,,,,,,,,,
5/19/2020,Total,40787.08,,,,,,,,,,,,,
5/20/2020,Total,39273.87,,,,,,,,,,,,,
5/21/2020,Total,39451.02,,,,,,,,,,,,,
5/22/2020,Total,41486.28,,,,,,,,,,,,,
5/23/2020,Total,43228.6,,,,,,,,,,,,,
5/24/2020,Total,36917.35,,,,,,,,,,,,,
5/25/2020,Total,36561.41,,,,,,,,,,,,,
5/26/2020,Total,36412.65,,,,,,,,,,,,,
5/27/2020,Total,44402.26,,,,,,,,,,,,,
5/28/2020,Total,39220.38,,,,,,,,,,,,,
5/29/2020,Total,42542.22,,,,,,,,,,,,,
5/30/2020,Total,42284.26,,,,,,,,,,,,,
5/31/2020,Total,30433.48,,,,,,,,,,,,,
6/1/2020,Total,33132.07,,,,,,,,,,,,,
6/2/2020,Total,37375.13,,,,,,,,,,,,,
6/3/2020,Total,36839.57,,,,,,,,,,,,,
6/4/2020,Total,40205.5,,,,,,,,,,,,,
6/5/2020,Total,36997.78,,,,,,,,,,,,,
6/6/2020,Total,44182.83,,,,,,,,,,,,,
6/7/2020,Total,30357.24,,,,,,,,,,,,,
6/8/2020,Total,40122.62,,,,,,,,,,,,,
6/9/2020,Total,36780.53,,,,,,,,,,,,,
6/10/2020,Total,37158.06,,,,,,,,,,,,,
6/11/2020,Total,34820.79,,,,,,,,,,,,,
6/12/2020,Total,41262.01,,,,,,,,,,,,,
6/13/2020,Total,38823.86,,,,,,,,,,,,,
6/14/2020,Total,35727.17,,,,,,,,,,,,,
6/15/2020,Total,34811.1,,,,,,,,,,,,,
6/16/2020,Total,36263.19,,,,,,,,,,,,,
6/17/2020,Total,35465.41,,,,,,,,,,,,,
6/18/2020,Total,38129.8,,,,,,,,,,,,,
6/19/2020,Total,40945.6,,,,,,,,,,,,,
6/20/2020,Total,43521.57,,,,,,,,,,,,,
6/21/2020,Total,37354.93,,,,,,,,,,,,,
6/22/2020,Total,37223.06,,,,,,,,,,,,,
6/23/2020,Total,38322.93,,,,,,,,,,,,,
6/24/2020,Total,41405.08,,,,,,,,,,,,,
6/25/2020,Total,39893.79,,,,,,,,,,,,,
6/26/2020,Total,41399.77,,,,,,,,,,,,,
6/27/2020,Total,41655.3,,,,,,,,,,,,,
6/28/2020,Total,35341.63,,,,,,,,,,,,,
6/29/2020,Total,35032.45,,,,,,,,,,,,,
6/30/2020,Total,39293.1,,,,,,,,,,,,,
7/1/2020,Total,39249.5,,,,,,,,,,,,,
7/2/2020,Total,41330.63,,,,,,,,,,,,,
7/3/2020,Total,39642.25,,,,,,,,,,,,,
7/4/2020,Total,38603.91,,,,,,,,,,,,,
7/5/2020,Total,31441.98,,,,,,,,,,,,,
7/6/2020,Total,37287.59,,,,,,,,,,,,,
7/7/2020,Total,36124.28,,,,,,,,,,,,,
7/8/2020,Total,35302.95,,,,,,,,,,,,,
7/9/2020,Total,41109.84,,,,,,,,,,,,,
7/10/2020,Total,36808.78,,,,,,,,,,,,,
7/11/2020,Total,46394.7,,,,,,,,,,,,,
7/12/2020,Total,34286.99,,,,,,,,,,,,,
7/13/2020,Total,35302.12,,,,,,,,,,,,,
7/14/2020,Total,36425.37,,,,,,,,,,,,,
7/15/2020,Total,40871.5,,,,,,,,,,,,,
7/16/2020,Total,41797.22,,,,,,,,,,,,,
7/17/2020,Total,42871.88,,,,,,,,,,,,,
7/18/2020,Total,41903.98,,,,,,,,,,,,,
7/19/2020,Total,38415.09,,,,,,,,,,,,,
7/20/2020,Total,32609.99,,,,,,,,,,,,,
7/21/2020,Total,38292.82,,,,,,,,,,,,,
7/22/2020,Total,37315.24,,,,,,,,,,,,,
7/23/2020,Total,41698.34,,,,,,,,,,,,,
7/24/2020,Total,37345.09,,,,,,,,,,,,,
7/25/2020,Total,42502.83,,,,,,,,,,,,,
7/26/2020,Total,37612.6,,,,,,,,,,,,,
7/27/2020,Total,36208.48,,,,,,,,,,,,,
7/28/2020,Total,37328.14,,,,,,,,,,,,,
7/29/2020,Total,41308.71,,,,,,,,,,,,,
7/30/2020,Total,40398.81,,,,,,,,,,,,,
7/31/2020,Total,40065.44,,,,,,,,,,,,,
8/1/2020,Total,44325.57,,,,,,,,,,,,,
8/2/2020,Total,36569.9,,,,,,,,,,,,,
8/3/2020,Total,37532.47,,,,,,,,,,,,,
8/4/2020,Total,35793.55,,,,,,,,,,,,,
8/5/2020,Total,40535.95,,,,,,,,,,,,,
8/6/2020,Total,45440.05,,,,,,,,,,,,,
8/7/2020,Total,41185.84,,,,,,,,,,,,,
8/8/2020,Total,40138.36,,,,,,,,,,,,,
8/9/2020,Total,38937.36,,,,,,,,,,,,,
8/10/2020,Total,37231.25,,,,,,,,,,,,,
8/11/2020,Total,37326.03,,,,,,,,,,,,,
8/12/2020,Total,38465.96,,,,,,,,,,,,,
8/13/2020,Total,42911.69,,,,,,,,,,,,,
8/14/2020,Total,36533.53,,,,,,,,,,,,,
8/15/2020,Total,46424.39,,,,,,,,,,,,,
8/16/2020,Total,36583.2,,,,,,,,,,,,,
8/17/2020,Total,37783.27,,,,,,,,,,,,,
8/18/2020,Total,34148.01,,,,,,,,,,,,,
8/19/2020,Total,34559.32,,,,,,,,,,,,,
8/20/2020,Total,40022.79,,,,,,,,,,,,,
8/21/2020,Total,41716.8,,,,,,,,,,,,,
8/22/2020,Total,44038.72,,,,,,,,,,,,,
8/23/2020,Total,41234.39,,,,,,,,,,,,,
8/24/2020,Total,35386.38,,,,,,,,,,,,,
8/25/2020,Total,38932.05,,,,,,,,,,,,,
8/26/2020,Total,53428.4,,,,,,,,,,,,,
8/27/2020,Total,39055.7,,,,,,,,,,,,,
8/28/2020,Total,44067.87,,,,,,,,,,,,,
8/29/2020,Total,53862.82,,,,,,,,,,,,,
8/30/2020,Total,39833.92,,,,,,,,,,,,,
8/31/2020,Total,41783.47,,,,,,,,,,,,,
9/1/2020,Total,41170.87,,,,,,,,,,,,,
9/2/2020,Total,41025.86,,,,,,,,,,,,,
9/3/2020,Total,50329.8,,,,,,,,,,,,,
9/4/2020,Total,52262.71,,,,,,,,,,,,,
9/5/2020,Total,50402.27,,,,,,,,,,,,,
9/6/2020,Total,43680.28,,,,,,,,,,,,,
9/7/2020,Total,45584.31,,,,,,,,,,,,,
9/8/2020,Total,45825.97,,,,,,,,,,,,,
9/9/2020,Total,41827.78,,,,,,,,,,,,,
9/10/2020,Total,44071.58,,,,,,,,,,,,,
9/11/2020,Total,50084.21,,,,,,,,,,,,,
9/12/2020,Total,55242.17,,,,,,,,,,,,,
9/13/2020,Total,39168.57,,,,,,,,,,,,,
9/14/2020,Total,44092.11,,,,,,,,,,,,,
9/15/2020,Total,46822.52,,,,,,,,,,,,,
9/16/2020,Total,53148.43,,,,,,,,,,,,,
9/17/2020,Total,49172.66,,,,,,,,,,,,,
9/18/2020,Total,60000,,,,,,,,,,,,,
9/19/2020,Total,49427.93,,,,,,,,,,,,,
9/20/2020,Total,50357.89,,,,,,,,,,,,,
9/21/2020,Total,44250.38,,,,,,,,,,,,,
9/22/2020,Total,47457.77,,,,,,,,,,,,,
9/23/2020,Total,42954.21,,,,,,,,,,,,,
9/24/2020,Total,53308.58,,,,,,,,,,,,,
9/25/2020,Total,48564.36,,,,,,,,,,,,,
9/26/2020,Total,47605.42,,,,,,,,,,,,,
9/27/2020,Total,37250,,,,,,,,,,,,,
9/28/2020,Total,45878.2,,,,,,,,,,,,,
9/29/2020,Total,44612.61,,,,,,,,,,,,,
9/30/2020,Total,40054.18,,,,,,,,,,,,,
10/1/2020,Total,52204.63,,,,,,,,,,,,,
10/2/2020,Total,56884.5,,,,,,,,,,,,,
10/3/2020,Total,53700.82,,,,,,,,,,,,,
10/4/2020,Total,43343.96,,,,,,,,,,,,,
10/5/2020,Total,48962.96,,,,,,,,,,,,,
10/6/2020,Total,53787.73,,,,,,,,,,,,,
10/7/2020,Total,43438.39,,,,,,,,,,,,,
10/8/2020,Total,58727.51,,,,,,,,,,,,,
10/9/2020,Total,52749.59,,,,,,,,,,,,,
10/10/2020,Total,46478.29,,,,,,,,,,,,,
10/11/2020,Total,46662.74,,,,,,,,,,,,,
10/12/2020,Total,35314.09,,,,,,,,,,,,,
10/13/2020,Total,48453.03,,,,,,,,,,,,,
10/14/2020,Total,47609.7,,,,,,,,,,,,,
10/15/2020,Total,42456.71,,,,,,,,,,,,,
10/16/2020,Total,49525.92,,,,,,,,,,,,,
10/17/2020,Total,51890.92,,,,,,,,,,,,,
10/18/2020,Total,35947.01,,,,,,,,,,,,,
10/19/2020,Total,51539.42,,,,,,,,,,,,,
10/20/2020,Total,44099.17,,,,,,,,,,,,,
10/21/2020,Total,42369.14,,,,,,,,,,,,,
10/22/2020,Total,43304.8,,,,,,,,,,,,,